TransactionID,entity_id,TransactionDT,TransactionAmt,score_population,score_entity_deviation,score_combined,typology_tag,ring_cluster_id,ground_truth_fraud,decision,decision_reasoning,source
90000038,10023_111.0_150.0_visa_226.0_debit_325.0_87.0_10.0,4797256,229.87603856832465,0.35763983683750855,0.008055303876650433,0.365695140714159,cold_start,,,allow,"no trigger matched: population score below confidence_threshold, not a ring member",demo
90000039,10023_111.0_150.0_visa_226.0_debit_325.0_87.0_10.0,4803040,159.4977506574421,0.3504970875520182,0.007041027458922211,0.3575381150109404,,,,allow,"no trigger matched: population score below confidence_threshold, not a ring member",demo
90000081,10075_514.0_150.0_mastercard_224.0_debit_315.0_87.0_-443.0,4967493,136.30801948872966,0.34673794917712736,0.01158901195671086,0.3583269611338382,cold_start,,,allow,"no trigger matched: population score below confidence_threshold, not a ring member",demo
90000082,10075_514.0_150.0_mastercard_224.0_debit_315.0_87.0_-443.0,4968904,106.2329085064589,0.34631928088554725,0.009002742498282701,0.35532202338382995,,,,allow,"no trigger matched: population score below confidence_threshold, not a ring member",demo
90000060,10112_360.0_150.0_visa_166.0_debit_337.0_87.0_56.0,4881864,64.19877983087122,0.3459704868166335,0.011543443098838257,0.35751392991547176,cold_start,,,allow,"no trigger matched: population score below confidence_threshold, not a ring member",demo
90000061,10112_360.0_150.0_visa_166.0_debit_337.0_87.0_56.0,4883965,53.328929570745025,0.346615260718721,0.008763466402331332,0.35537872712105234,,,,allow,"no trigger matched: population score below confidence_threshold, not a ring member",demo
90000062,10112_360.0_150.0_visa_166.0_debit_337.0_87.0_56.0,4889211,47.483971540890245,0.3454829714306346,0.009244391667865115,0.3547273630984997,,,,allow,"no trigger matched: population score below confidence_threshold, not a ring member",demo
90000064,10186_417.0_150.0_visa_226.0_debit_325.0_87.0_56.0,4891237,20.535450471928453,0.359636458791149,0.012123990371902094,0.3717604491630511,cold_start,,,allow,"no trigger matched: population score below confidence_threshold, not a ring member",demo
90000065,10186_417.0_150.0_visa_226.0_debit_325.0_87.0_56.0,4896516,26.188293534128437,0.3584721010473886,0.0168841485314708,0.3753562495788594,,,,allow,"no trigger matched: population score below confidence_threshold, not a ring member",demo
90000103,1023_111.0_150.0_visa_226.0_debit_436.0_87.0_58.0,5062326,133.4335388532306,0.410479611834797,0.009786692900347949,0.4202663047351449,cold_start,,,allow,"no trigger matched: population score below confidence_threshold, not a ring member",demo
90000104,1023_111.0_150.0_visa_226.0_debit_436.0_87.0_58.0,5068772,109.1714560022303,0.41131413466057476,-0.0012295556026977184,0.41008457905787704,,,,allow,"no trigger matched: population score below confidence_threshold, not a ring member",demo
90000105,1023_111.0_150.0_visa_226.0_debit_436.0_87.0_58.0,5072311,125.5682452278287,0.4116613019693067,-0.003950654146740562,0.40771064782256616,,,,allow,"no trigger matched: population score below confidence_threshold, not a ring member",demo
90000047,10486_514.0_150.0_mastercard_219.0_credit_220.0_87.0_55.0,4835358,178.2618346199431,0.4117379443047851,-0.015924358748352407,0.3958135855564327,cold_start,,,allow,"no trigger matched: population score below confidence_threshold, not a ring member",demo
90000048,10486_514.0_150.0_mastercard_219.0_credit_220.0_87.0_56.0,4838462,120.02756279169334,0.41360743485989027,-0.013737879733660807,0.39986955512622946,cold_start,,,allow,"no trigger matched: population score below confidence_threshold, not a ring member",demo
90000042,10682_514.0_150.0_mastercard_224.0_debit_299.0_87.0_-219.0,4815899,168.91310199536008,0.3423912505723613,0.01484888234082421,0.3572401329131855,cold_start,,,allow,"no trigger matched: population score below confidence_threshold, not a ring member",demo
90000043,10682_514.0_150.0_mastercard_224.0_debit_299.0_87.0_-219.0,4821868,174.63489737785278,0.3433025829324669,0.014087613908761898,0.3573901968412288,,,,allow,"no trigger matched: population score below confidence_threshold, not a ring member",demo
90000044,10682_514.0_150.0_mastercard_224.0_debit_299.0_87.0_-219.0,4822570,176.10740718666204,0.3433025829324669,0.012297168795825486,0.3555997517282924,,,,allow,"no trigger matched: population score below confidence_threshold, not a ring member",demo
90000114,10708_555.0_150.0_mastercard_117.0_debit_264.0_87.0_-96.0,5100500,142.67726680214915,0.3848845847833912,0.003016562330179662,0.3879011471135709,cold_start,,,allow,"no trigger matched: population score below confidence_threshold, not a ring member",demo
90000122,11106_100.0_150.0_visa_226.0_credit_264.0_87.0_-46.0,5126427,128.83062027653452,0.3709431321345505,0.015335171646019663,0.38627830378057015,cold_start,,,allow,"no trigger matched: population score below confidence_threshold, not a ring member",demo
90000083,11157_215.0_150.0_visa_226.0_debit_204.0_87.0_-34.0,4973148,97.0407239578771,0.39136056080922044,-0.0013716896082441865,0.38998887120097625,cold_start,,,allow,"no trigger matched: population score below confidence_threshold, not a ring member",demo
90000084,11157_215.0_150.0_visa_226.0_debit_204.0_87.0_-34.0,4975290,109.2889515080815,0.3907413285474988,-0.003132135957827742,0.3876091925896711,,,,allow,"no trigger matched: population score below confidence_threshold, not a ring member",demo
90000085,11157_215.0_150.0_visa_226.0_debit_204.0_87.0_-34.0,4981453,76.964814413849,0.39179280054261745,-0.0034785259342627883,0.38831427460835466,amount_deviation,,,allow,"no trigger matched: population score below confidence_threshold, not a ring member",demo
90000058,11157_215.0_150.0_visa_226.0_debit_433.0_87.0_-278.0,4869722,139.97803503580622,0.3517669594322604,0.010487223759124142,0.3622541831913845,cold_start,,,allow,"no trigger matched: population score below confidence_threshold, not a ring member",demo
90000059,11157_215.0_150.0_visa_226.0_debit_433.0_87.0_-278.0,4876291,107.44024710946397,0.34978933086749214,0.009104406521747765,0.3588937373892399,,,,allow,"no trigger matched: population score below confidence_threshold, not a ring member",demo
90000056,12695_490.0_150.0_visa_226.0_debit_325.0_87.0_-309.0,4865945,45.155397095379634,0.34482440329329406,0.019300950787808135,0.3641253540811022,cold_start,,,allow,"no trigger matched: population score below confidence_threshold, not a ring member",demo
90000057,12695_490.0_150.0_visa_226.0_debit_325.0_87.0_-309.0,4868608,76.62831592378252,0.3445120913972055,0.01958810316729198,0.3641001945644975,,,,allow,"no trigger matched: population score below confidence_threshold, not a ring member",demo
90000068,12695_490.0_150.0_visa_226.0_debit_325.0_87.0_26.0,4904146,251.27706306145302,0.3419524245154544,0.012871382939245446,0.3548238074546998,cold_start,,,allow,"no trigger matched: population score below confidence_threshold, not a ring member",demo
90000069,12695_490.0_150.0_visa_226.0_debit_325.0_87.0_26.0,4906575,275.16767777401463,0.3419524245154544,0.009562092237778708,0.3515145167532331,,,,allow,"no trigger matched: population score below confidence_threshold, not a ring member",demo
90000070,12695_490.0_150.0_visa_226.0_debit_325.0_87.0_26.0,4911203,285.5013903663711,0.3428083173341846,0.0102717961677391,0.3530801135019237,,,,allow,"no trigger matched: population score below confidence_threshold, not a ring member",demo
90000091,12839_321.0_150.0_visa_226.0_debit_264.0_87.0_57.0,5007850,19.84252652853331,0.39848266659052134,0.004025269905410078,0.4025079364959314,cold_start,,,allow,"no trigger matched: population score below confidence_threshold, not a ring member",demo
90000092,12839_321.0_150.0_visa_226.0_debit_264.0_87.0_58.0,5013453,32.42730442879255,0.4138916658310885,-0.00347973061795237,0.4104119352131361,cold_start,,,allow,"no trigger matched: population score below confidence_threshold, not a ring member",demo
90000093,12839_321.0_150.0_visa_226.0_debit_264.0_87.0_58.0,5020481,18.747513499663118,0.4052653500030672,-5.197160055198102e-05,0.4052133784025152,,,,allow,"no trigger matched: population score below confidence_threshold, not a ring member",demo
90000008,13832_375.0_185.0_mastercard_224.0_debit_391.0_60.0_54.0,4683774,104.3438544443874,0.47231893114527596,-0.013656908808541646,0.4586620223367343,cold_start,ring_0,,decline,ring membership; exposure within autonomous-action threshold,demo
90000009,13832_375.0_185.0_mastercard_224.0_debit_391.0_60.0_54.0,4687133,128.84806431860176,0.4733899708773386,0.0015075210649590498,0.47489749194229763,,ring_0,,review,"ring membership; exposure exceeds autonomous-action threshold, routed to human",demo
90000119,15063_514.0_150.0_visa_226.0_credit_512.0_87.0_59.0,5117111,115.9649254165678,0.39936226176137507,0.008435291497544961,0.40779755325892003,cold_start,,,allow,"no trigger matched: population score below confidence_threshold, not a ring member",demo
90000120,15063_514.0_150.0_visa_226.0_credit_512.0_87.0_59.0,5119457,167.4836192078598,0.4011550909824783,0.023583095103930363,0.4247381860864087,,,,allow,"no trigger matched: population score below confidence_threshold, not a ring member",demo
90000121,15063_514.0_150.0_visa_226.0_credit_512.0_87.0_59.0,5123250,157.3004948298812,0.40114424434012474,0.028812551481468218,0.42995679582159296,,,,allow,"no trigger matched: population score below confidence_threshold, not a ring member",demo
90000011,15308_321.0_150.0_visa_226.0_debit_272.0_87.0_35.0,4695768,68.13630599902224,0.33690279390511724,0.01721550694586138,0.3541183008509786,cold_start,ring_0,,decline,ring membership; exposure within autonomous-action threshold,demo
90000012,15308_321.0_150.0_visa_226.0_debit_272.0_87.0_35.0,4700901,75.66271006357958,0.3359773105055648,0.018928044054771387,0.3549053545603362,,ring_0,,decline,ring membership; exposure within autonomous-action threshold,demo
90000045,15484_418.0_150.0_visa_226.0_debit_110.0_87.0_9.0,4825866,50.63537650717739,0.3918264667051746,0.0010162426860932383,0.39284270939126786,cold_start,,,allow,"no trigger matched: population score below confidence_threshold, not a ring member",demo
90000046,15484_418.0_150.0_visa_226.0_debit_110.0_87.0_9.0,4829650,53.78687456065734,0.39654415894033374,0.0010296401316741144,0.39757379907200785,,,,allow,"no trigger matched: population score below confidence_threshold, not a ring member",demo
90000118,15484_418.0_150.0_visa_226.0_debit_433.0_87.0_59.0,5116688,176.07509273185224,0.3501027758287332,0.017553540206622698,0.3676563160353559,cold_start,,,allow,"no trigger matched: population score below confidence_threshold, not a ring member",demo
90000102,16075_514.0_150.0_mastercard_102.0_credit_251.0_87.0_58.0,5055874,2606.8918669309705,0.4569151891659304,-0.01001651540473919,0.4468986737611912,cold_start,,,allow,"no trigger matched: population score below confidence_threshold, not a ring member",demo
90000028,16132_111.0_150.0_visa_226.0_debit_299.0_87.0_-75.0,4753791,434.2537255517346,0.3789527019895111,0.0146411688920694,0.3935938708815805,cold_start,,,allow,"no trigger matched: population score below confidence_threshold, not a ring member",demo
90000029,16132_111.0_150.0_visa_226.0_debit_299.0_87.0_-75.0,4759836,390.2472184652342,0.3735712410290762,0.007787741860181885,0.38135898288925807,,,,allow,"no trigger matched: population score below confidence_threshold, not a ring member",demo
90000030,16132_111.0_150.0_visa_226.0_debit_299.0_87.0_-75.0,4761515,649.3736630817108,0.3799126067253725,0.033162394837466636,0.41307500156283916,amount_deviation,,,allow,"no trigger matched: population score below confidence_threshold, not a ring member",demo
90000078,16560_476.0_150.0_visa_126.0_debit_420.0_87.0_-123.0,4949949,38.585900424463865,0.3866519633956557,0.008370587322522272,0.395022550718178,cold_start,,,allow,"no trigger matched: population score below confidence_threshold, not a ring member",demo
90000003,1676_555.0_150.0_visa_226.0_debit_184.0_87.0_53.0,4658615,35.799364265960854,0.35595664218156564,0.011055256072534103,0.36701189825409974,cold_start,ring_0,,decline,ring membership; exposure within autonomous-action threshold,demo
90000004,1676_555.0_150.0_visa_226.0_debit_184.0_87.0_53.0,4663865,24.044070158784887,0.35822767843940173,0.011009200882947379,0.3692368793223491,,ring_0,,decline,ring membership; exposure within autonomous-action threshold,demo
90000005,1676_555.0_150.0_visa_226.0_debit_184.0_87.0_54.0,4669588,30.028666866720684,0.36554587654809134,0.007573685532431207,0.37311956208052255,cold_start,ring_0,,decline,ring membership; exposure within autonomous-action threshold,demo
90000079,16923_102.0_150.0_mastercard_117.0_debit_204.0_87.0_57.0,4956863,169.41818798948267,0.39558206825972053,0.015060359906202359,0.4106424281659229,cold_start,,,allow,"no trigger matched: population score below confidence_threshold, not a ring member",demo
90000080,16923_102.0_150.0_mastercard_117.0_debit_204.0_87.0_57.0,4962563,224.19086966165455,0.3965986179465464,0.014313792448800378,0.41091241039534676,,,,allow,"no trigger matched: population score below confidence_threshold, not a ring member",demo
90000072,17131_111.0_150.0_mastercard_224.0_debit_264.0_87.0_-409.0,4921570,30.838409513370713,0.3716093878221737,0.01621888877613531,0.387828276598309,cold_start,,,allow,"no trigger matched: population score below confidence_threshold, not a ring member",demo
90000000,17131_111.0_150.0_mastercard_224.0_debit_264.0_87.0_53.0,4642819,104.95448360659167,0.3578741518659862,0.019092594201551683,0.3769667460675379,cold_start,ring_0,,decline,ring membership; exposure within autonomous-action threshold,demo
90000066,1724_583.0_150.0_visa_226.0_credit_315.0_87.0_56.0,4898927,121.39685704554253,0.3922700869149366,-0.009665037456445424,0.38260504945849116,cold_start,,,allow,"no trigger matched: population score below confidence_threshold, not a ring member",demo
90000067,1724_583.0_150.0_visa_226.0_credit_315.0_87.0_56.0,4900446,115.51117179011261,0.3903104121005242,0.0036008063589414996,0.3939112184594657,,,,allow,"no trigger matched: population score below confidence_threshold, not a ring member",demo
90000106,17598_268.0_150.0_visa_166.0_debit_191.0_87.0_58.0,5074790,108.13077256693444,0.3628412268673692,0.0043860298740224235,0.3672272567413916,cold_start,,,allow,"no trigger matched: population score below confidence_threshold, not a ring member",demo
90000107,17598_268.0_150.0_visa_166.0_debit_191.0_87.0_58.0,5079655,88.53156009791837,0.36497016064158655,0.001977525013182435,0.366947685654769,,,,allow,"no trigger matched: population score below confidence_threshold, not a ring member",demo
90000096,1893_514.0_150.0_mastercard_224.0_credit_299.0_87.0_58.0,5032522,287.4131579714574,0.3874195762716292,0.00027460035046722453,0.38769417662209643,cold_start,,,allow,"no trigger matched: population score below confidence_threshold, not a ring member",demo
90000097,1893_514.0_150.0_mastercard_224.0_credit_299.0_87.0_58.0,5035010,197.64845885180006,0.38411011166989034,0.0014380116432171075,0.38554812331310745,,,,allow,"no trigger matched: population score below confidence_threshold, not a ring member",demo
90000098,1893_514.0_150.0_mastercard_224.0_credit_299.0_87.0_58.0,5039600,192.90886628096695,0.38346893711198854,0.0034618144606439194,0.38693075157263246,,,,allow,"no trigger matched: population score below confidence_threshold, not a ring member",demo
90000074,2884_490.0_150.0_visa_226.0_debit_299.0_87.0_57.0,4928144,830.4909404689288,0.3833460827430306,0.015709658033438267,0.3990557407764689,cold_start,,,allow,"no trigger matched: population score below confidence_threshold, not a ring member",demo
90000050,3574_232.0_150.0_visa_166.0_debit_441.0_87.0_54.0,4846691,28.33666380637414,0.374454880682228,0.015610381738632884,0.39006526242086087,cold_start,,,allow,"no trigger matched: population score below confidence_threshold, not a ring member",demo
90000051,3574_232.0_150.0_visa_166.0_debit_441.0_87.0_54.0,4851938,29.018179086798522,0.37345357002960944,0.016114010370704035,0.3895675804003135,,,,allow,"no trigger matched: population score below confidence_threshold, not a ring member",demo
90000052,3574_232.0_150.0_visa_166.0_debit_441.0_87.0_54.0,4853350,22.950230587209127,0.37191783572586395,0.028092255417856093,0.40001009114372005,amount_deviation,,,allow,"no trigger matched: population score below confidence_threshold, not a ring member",demo
90000112,3666_555.0_150.0_visa_226.0_debit_170.0_87.0_-263.0,5098355,38.0936868131046,0.4383003619468848,-0.0013919080296548314,0.43690845391723,cold_start,,,allow,"no trigger matched: population score below confidence_threshold, not a ring member",demo
90000113,3666_555.0_150.0_visa_226.0_debit_170.0_87.0_-263.0,5099891,44.02930322086411,0.4383003619468848,0.0004624016303431677,0.438762763577228,,,,allow,"no trigger matched: population score below confidence_threshold, not a ring member",demo
90000111,3666_555.0_150.0_visa_226.0_debit_170.0_87.0_-264.0,5092903,28.47134270959034,0.423403647452065,0.002784183253363104,0.4261878307054281,cold_start,,,allow,"no trigger matched: population score below confidence_threshold, not a ring member",demo
90000090,3821_111.0_150.0_mastercard_219.0_credit_264.0_87.0_57.0,5003000,814.3917578094453,0.40062261337028027,0.018411148779611253,0.4190337621498915,cold_start,,,allow,"no trigger matched: population score below confidence_threshold, not a ring member",demo
90000071,3821_111.0_150.0_mastercard_219.0_credit_472.0_87.0_-103.0,4915841,214.58348373433466,0.39840738970579614,0.009724031135124434,0.4081314208409206,cold_start,,,allow,"no trigger matched: population score below confidence_threshold, not a ring member",demo
90000020,4515_369.0_150.0_mastercard_224.0_debit_181.0_87.0_-168.0,4733196,27.967406870086126,0.394293714497672,0.011601009906771431,0.4058947244044434,cold_start,,,allow,"no trigger matched: population score below confidence_threshold, not a ring member",demo
90000021,4515_369.0_150.0_mastercard_224.0_debit_181.0_87.0_-168.0,4734803,35.42595525869339,0.3940647208884503,0.007455365289650351,0.40152008617810064,,,,allow,"no trigger matched: population score below confidence_threshold, not a ring member",demo
90000022,4515_369.0_150.0_mastercard_224.0_debit_181.0_87.0_-168.0,4737381,39.61288786530176,0.3940647208884503,0.012224640517476681,0.406289361405927,,,,allow,"no trigger matched: population score below confidence_threshold, not a ring member",demo
90000017,4685_450.0_150.0_visa_226.0_debit_330.0_87.0_54.0,4718354,138.2306053697638,0.34212578370422203,0.009058934540646324,0.35118471824486835,cold_start,,,allow,"no trigger matched: population score below confidence_threshold, not a ring member",demo
90000018,4685_450.0_150.0_visa_226.0_debit_330.0_87.0_54.0,4723792,96.66870844660811,0.3414881903318131,0.007957830718238246,0.34944602105005135,,,,allow,"no trigger matched: population score below confidence_threshold, not a ring member",demo
90000019,4685_450.0_150.0_visa_226.0_debit_330.0_87.0_54.0,4730340,105.97812989633408,0.34131028105539235,0.0060388487761266485,0.347349129831519,,,,allow,"no trigger matched: population score below confidence_threshold, not a ring member",demo
90000108,4738_343.0_150.0_visa_226.0_credit_123.0_87.0_31.0,5085037,85.74763095537187,0.4056584957441037,-0.0028362214042483846,0.4028222743398553,cold_start,,,allow,"no trigger matched: population score below confidence_threshold, not a ring member",demo
90000109,4738_343.0_150.0_visa_226.0_credit_123.0_87.0_31.0,5085373,84.45823450034109,0.4056584957441037,0.01106650662214298,0.41672500236624666,,,,allow,"no trigger matched: population score below confidence_threshold, not a ring member",demo
90000110,4738_343.0_150.0_visa_226.0_credit_123.0_87.0_31.0,5092137,77.36547594468915,0.41105552779566595,0.03409776664603442,0.4451532944417004,amount_deviation,,,allow,"no trigger matched: population score below confidence_threshold, not a ring member",demo
90000040,5097_555.0_150.0_visa_162.0_credit_384.0_87.0_55.0,4805437,124.31262055375763,0.40980341698688016,-0.005740000840564863,0.4040634161463153,cold_start,,,allow,"no trigger matched: population score below confidence_threshold, not a ring member",demo
90000041,5097_555.0_150.0_visa_162.0_credit_384.0_87.0_55.0,4808750,141.76757793521725,0.41028727605023535,0.00017761980527225552,0.4104648958555076,,,,allow,"no trigger matched: population score below confidence_threshold, not a ring member",demo
90000063,6019_583.0_150.0_visa_226.0_credit_184.0_87.0_56.0,4890057,62.078071896315244,0.37998078654679485,-0.0014312241122066416,0.3785495624345882,cold_start,,,allow,"no trigger matched: population score below confidence_threshold, not a ring member",demo
90000023,6481_111.0_150.0_visa_226.0_debit_337.0_87.0_-80.0,4739246,23.992138352694052,0.42268262578144605,0.007918559424392901,0.43060118520583895,cold_start,,,allow,"no trigger matched: population score below confidence_threshold, not a ring member",demo
90000024,6481_111.0_150.0_visa_226.0_debit_337.0_87.0_-80.0,4742562,22.403181224026987,0.424007496885426,0.012749866838585144,0.43675736372401114,,,,allow,"no trigger matched: population score below confidence_threshold, not a ring member",demo
90000025,6481_111.0_150.0_visa_226.0_debit_337.0_87.0_-80.0,4743532,23.987117616742417,0.424007496885426,0.011346176325750024,0.435353673211176,,,,allow,"no trigger matched: population score below confidence_threshold, not a ring member",demo
90000010,6530_206.0_150.0_mastercard_166.0_debit_204.0_87.0_54.0,4693559,174.6406617313904,0.3745731498001396,0.00866030316454619,0.3832334529646858,cold_start,ring_0,,review,"ring membership; exposure exceeds autonomous-action threshold, routed to human",demo
90000094,6951_111.0_150.0_visa_226.0_debit_441.0_87.0_-424.0,5022369,84.87491006920662,0.37182712959544373,0.0209146067379144,0.3927417363333581,cold_start,,,allow,"no trigger matched: population score below confidence_threshold, not a ring member",demo
90000031,7063_170.0_150.0_mastercard_102.0_credit_299.0_87.0_55.0,4767199,99.3942816050584,0.415993423953571,0.002146637141599572,0.41814006109517055,cold_start,,,allow,"no trigger matched: population score below confidence_threshold, not a ring member",demo
90000032,7063_170.0_150.0_mastercard_102.0_credit_299.0_87.0_55.0,4769411,86.31842768108585,0.4158576292239987,0.002105432870164292,0.417963062094163,,,,allow,"no trigger matched: population score below confidence_threshold, not a ring member",demo
90000033,7508_321.0_150.0_visa_226.0_debit_110.0_87.0_32.0,4775098,29.497336623726248,0.34955484323332753,0.014435648668161383,0.3639904919014889,cold_start,,,allow,"no trigger matched: population score below confidence_threshold, not a ring member",demo
90000034,7508_321.0_150.0_visa_226.0_debit_110.0_87.0_32.0,4779322,28.92686000029521,0.3487565629261116,0.019141993197983098,0.3678985561240947,,,,allow,"no trigger matched: population score below confidence_threshold, not a ring member",demo
90000095,7585_553.0_150.0_visa_226.0_credit_299.0_87.0_58.0,5026497,236.99017664771623,0.3783378912899801,0.007599281351333198,0.3859371726413133,cold_start,,,allow,"no trigger matched: population score below confidence_threshold, not a ring member",demo
90000035,7585_553.0_150.0_visa_226.0_credit_325.0_87.0_55.0,4782655,540.4519214499969,0.3735585051464922,0.0011710466327821134,0.3747295517792743,cold_start,,,allow,"no trigger matched: population score below confidence_threshold, not a ring member",demo
90000036,7585_553.0_150.0_visa_226.0_credit_325.0_87.0_55.0,4788855,637.438032954144,0.3721172268602407,0.012223842215289715,0.3843410690755304,,,,allow,"no trigger matched: population score below confidence_threshold, not a ring member",demo
90000037,7585_553.0_150.0_visa_226.0_credit_325.0_87.0_55.0,4793055,594.446237290275,0.37044905057572214,0.0111641217027168,0.38161317227843894,,,,allow,"no trigger matched: population score below confidence_threshold, not a ring member",demo
90000049,7919_194.0_150.0_mastercard_202.0_debit_325.0_87.0_56.0,4841068,45.241722987923104,0.3639425645355483,0.0067132199761115174,0.3706557845116598,cold_start,,,allow,"no trigger matched: population score below confidence_threshold, not a ring member",demo
90000076,7919_194.0_150.0_mastercard_202.0_debit_387.0_87.0_57.0,4941047,43.54444427646727,0.3652773452515028,0.01554988985529665,0.38082723510679944,cold_start,,,allow,"no trigger matched: population score below confidence_threshold, not a ring member",demo
90000077,7919_194.0_150.0_mastercard_202.0_debit_387.0_87.0_57.0,4945572,34.2210673695244,0.3652598832104976,0.010970421930362462,0.3762303051408601,,,,allow,"no trigger matched: population score below confidence_threshold, not a ring member",demo
90000026,8691_599.0_150.0_visa_166.0_debit_387.0_87.0_54.0,4745987,24.198038361499815,0.38031695638550556,0.0036841211640168403,0.3840010775495224,cold_start,,,allow,"no trigger matched: population score below confidence_threshold, not a ring member",demo
90000027,8691_599.0_150.0_visa_166.0_debit_387.0_87.0_54.0,4751839,22.6542685781939,0.38018831952117776,0.0019722577202188063,0.38216057724139657,,,,allow,"no trigger matched: population score below confidence_threshold, not a ring member",demo
90000115,8953_321.0_150.0_visa_226.0_debit_441.0_87.0_59.0,5107686,64.15479278182903,0.3823071702550876,0.009304222423591635,0.3916113926786792,cold_start,,,allow,"no trigger matched: population score below confidence_threshold, not a ring member",demo
90000116,8953_321.0_150.0_visa_226.0_debit_441.0_87.0_59.0,5111431,39.31692507653752,0.38009923399861045,0.02647821963656971,0.40657745363518016,,,,allow,"no trigger matched: population score below confidence_threshold, not a ring member",demo
90000117,8953_321.0_150.0_visa_226.0_debit_441.0_87.0_59.0,5115186,35.41808863124604,0.3779764175228148,0.03413443661953569,0.4121108541423505,,,,allow,"no trigger matched: population score below confidence_threshold, not a ring member",demo
90000086,9002_453.0_150.0_visa_226.0_debit_264.0_87.0_57.0,4984781,174.51520129764427,0.3355607928604662,0.010698162977819836,0.34625895583828603,cold_start,,,allow,"no trigger matched: population score below confidence_threshold, not a ring member",demo
90000087,9002_453.0_150.0_visa_226.0_debit_264.0_87.0_57.0,4990782,110.56507292928246,0.33302902205599555,0.013985842200853082,0.34701486425684863,,,,allow,"no trigger matched: population score below confidence_threshold, not a ring member",demo
90000013,9364_225.0_150.0_mastercard_166.0_debit_269.0_87.0_-376.0,4703647,55.959093210812135,0.557122018545116,-0.014764890017535892,0.5423571285275801,cold_start,,,allow,"no trigger matched: population score below confidence_threshold, not a ring member",demo
90000014,9364_225.0_150.0_mastercard_166.0_debit_269.0_87.0_-376.0,4710109,39.164755624901105,0.5579510129879967,-0.023043909141889363,0.5349071038461073,,,,allow,"no trigger matched: population score below confidence_threshold, not a ring member",demo
90000073,9803_583.0_150.0_visa_226.0_credit_184.0_87.0_56.0,4923168,236.01435399588843,0.4256643953365845,-0.009192091656553936,0.4164723036800306,cold_start,,,allow,"no trigger matched: population score below confidence_threshold, not a ring member",demo
90000075,9992_455.0_150.0_mastercard_166.0_debit_123.0_87.0_26.0,4933919,61.49853148027784,0.37092232972644273,0.005297505451899109,0.37621983517834184,cold_start,,,allow,"no trigger matched: population score below confidence_threshold, not a ring member",demo
90000001,unmatched_90000001,4648459,15.127759976634172,0.4558981771579636,-0.011850990414680351,0.44404718674328325,cold_start,ring_0,,decline,ring membership; exposure within autonomous-action threshold,demo
90000002,unmatched_90000002,4654683,10.232505684517008,0.45943950125585126,-0.013648937235023695,0.44579056402082756,cold_start,ring_0,,decline,ring membership; exposure within autonomous-action threshold,demo
90000006,unmatched_90000006,4673340,124.48800682687094,0.45795337003173797,-0.020191676740310138,0.43776169329142783,cold_start,ring_0,,decline,ring membership; exposure within autonomous-action threshold,demo
90000007,unmatched_90000007,4679032,118.30334209476318,0.45572839138503596,-0.018114764832685537,0.4376136265523504,cold_start,ring_0,,decline,ring membership; exposure within autonomous-action threshold,demo
90000015,unmatched_90000015,4712919,78.40216991003881,0.340824876037185,0.016165700872774413,0.3569905769099594,cold_start,,,allow,"no trigger matched: population score below confidence_threshold, not a ring member",demo
90000016,unmatched_90000016,4716990,119.80608070151379,0.34097977183658124,0.01745136948992798,0.3584311413265092,cold_start,,,allow,"no trigger matched: population score below confidence_threshold, not a ring member",demo
90000053,unmatched_90000053,4857081,68.05693482290759,0.45081498270184345,-0.008710687785347393,0.44210429491649605,cold_start,,,allow,"no trigger matched: population score below confidence_threshold, not a ring member",demo
90000054,unmatched_90000054,4858527,61.953326230608596,0.45034087203028966,-0.008825666405118726,0.44151520562517094,cold_start,,,allow,"no trigger matched: population score below confidence_threshold, not a ring member",demo
90000055,unmatched_90000055,4861456,75.82658669487498,0.45099422980253345,-0.01073110563176155,0.4402631241707719,cold_start,,,allow,"no trigger matched: population score below confidence_threshold, not a ring member",demo
90000088,unmatched_90000088,4993167,23.99878687242791,0.4906552163068764,-0.01128206701614759,0.47937314929072883,cold_start,,,allow,"no trigger matched: population score below confidence_threshold, not a ring member",demo
90000089,unmatched_90000089,4998062,27.248038578066296,0.4932462524252855,-0.012055570652870273,0.48119068177241525,cold_start,,,allow,"no trigger matched: population score below confidence_threshold, not a ring member",demo
90000099,unmatched_90000099,5043453,49.222276525714015,0.4359331412481746,-0.007035112786016207,0.4288980284621584,cold_start,,,allow,"no trigger matched: population score below confidence_threshold, not a ring member",demo
90000100,unmatched_90000100,5050211,44.796616259288086,0.4332906268071229,-0.005064140887488466,0.4282264859196344,cold_start,,,allow,"no trigger matched: population score below confidence_threshold, not a ring member",demo
90000101,unmatched_90000101,5052572,79.82799563028772,0.4351383520069823,-0.007313715962042333,0.42782463604494,cold_start,,,allow,"no trigger matched: population score below confidence_threshold, not a ring member",demo
