transaction_id,entity_id,score_population,ring_cluster_id,typology_tag,transaction_amount,decision,reasoning
90000038,10023_111.0_150.0_visa_226.0_debit_325.0_87.0_10.0,0.35763983683750855,,cold_start,229.87603856832465,allow,"no trigger matched: population score below confidence_threshold, not a ring member"
90000039,10023_111.0_150.0_visa_226.0_debit_325.0_87.0_10.0,0.3504970875520182,,,159.4977506574421,allow,"no trigger matched: population score below confidence_threshold, not a ring member"
90000081,10075_514.0_150.0_mastercard_224.0_debit_315.0_87.0_-443.0,0.34673794917712736,,cold_start,136.30801948872966,allow,"no trigger matched: population score below confidence_threshold, not a ring member"
90000082,10075_514.0_150.0_mastercard_224.0_debit_315.0_87.0_-443.0,0.34631928088554725,,,106.2329085064589,allow,"no trigger matched: population score below confidence_threshold, not a ring member"
90000060,10112_360.0_150.0_visa_166.0_debit_337.0_87.0_56.0,0.3459704868166335,,cold_start,64.19877983087122,allow,"no trigger matched: population score below confidence_threshold, not a ring member"
90000061,10112_360.0_150.0_visa_166.0_debit_337.0_87.0_56.0,0.346615260718721,,,53.328929570745025,allow,"no trigger matched: population score below confidence_threshold, not a ring member"
90000062,10112_360.0_150.0_visa_166.0_debit_337.0_87.0_56.0,0.3454829714306346,,,47.483971540890245,allow,"no trigger matched: population score below confidence_threshold, not a ring member"
90000064,10186_417.0_150.0_visa_226.0_debit_325.0_87.0_56.0,0.359636458791149,,cold_start,20.535450471928453,allow,"no trigger matched: population score below confidence_threshold, not a ring member"
90000065,10186_417.0_150.0_visa_226.0_debit_325.0_87.0_56.0,0.3584721010473886,,,26.188293534128437,allow,"no trigger matched: population score below confidence_threshold, not a ring member"
90000103,1023_111.0_150.0_visa_226.0_debit_436.0_87.0_58.0,0.410479611834797,,cold_start,133.4335388532306,allow,"no trigger matched: population score below confidence_threshold, not a ring member"
90000104,1023_111.0_150.0_visa_226.0_debit_436.0_87.0_58.0,0.41131413466057476,,,109.1714560022303,allow,"no trigger matched: population score below confidence_threshold, not a ring member"
90000105,1023_111.0_150.0_visa_226.0_debit_436.0_87.0_58.0,0.4116613019693067,,,125.5682452278287,allow,"no trigger matched: population score below confidence_threshold, not a ring member"
90000047,10486_514.0_150.0_mastercard_219.0_credit_220.0_87.0_55.0,0.4117379443047851,,cold_start,178.2618346199431,allow,"no trigger matched: population score below confidence_threshold, not a ring member"
90000048,10486_514.0_150.0_mastercard_219.0_credit_220.0_87.0_56.0,0.41360743485989027,,cold_start,120.02756279169334,allow,"no trigger matched: population score below confidence_threshold, not a ring member"
90000042,10682_514.0_150.0_mastercard_224.0_debit_299.0_87.0_-219.0,0.3423912505723613,,cold_start,168.91310199536008,allow,"no trigger matched: population score below confidence_threshold, not a ring member"
90000043,10682_514.0_150.0_mastercard_224.0_debit_299.0_87.0_-219.0,0.3433025829324669,,,174.63489737785278,allow,"no trigger matched: population score below confidence_threshold, not a ring member"
90000044,10682_514.0_150.0_mastercard_224.0_debit_299.0_87.0_-219.0,0.3433025829324669,,,176.10740718666204,allow,"no trigger matched: population score below confidence_threshold, not a ring member"
90000114,10708_555.0_150.0_mastercard_117.0_debit_264.0_87.0_-96.0,0.3848845847833912,,cold_start,142.67726680214915,allow,"no trigger matched: population score below confidence_threshold, not a ring member"
90000122,11106_100.0_150.0_visa_226.0_credit_264.0_87.0_-46.0,0.3709431321345505,,cold_start,128.83062027653452,allow,"no trigger matched: population score below confidence_threshold, not a ring member"
90000083,11157_215.0_150.0_visa_226.0_debit_204.0_87.0_-34.0,0.39136056080922044,,cold_start,97.0407239578771,allow,"no trigger matched: population score below confidence_threshold, not a ring member"
90000084,11157_215.0_150.0_visa_226.0_debit_204.0_87.0_-34.0,0.3907413285474988,,,109.2889515080815,allow,"no trigger matched: population score below confidence_threshold, not a ring member"
90000085,11157_215.0_150.0_visa_226.0_debit_204.0_87.0_-34.0,0.39179280054261745,,amount_deviation,76.964814413849,allow,"no trigger matched: population score below confidence_threshold, not a ring member"
90000058,11157_215.0_150.0_visa_226.0_debit_433.0_87.0_-278.0,0.3517669594322604,,cold_start,139.97803503580622,allow,"no trigger matched: population score below confidence_threshold, not a ring member"
90000059,11157_215.0_150.0_visa_226.0_debit_433.0_87.0_-278.0,0.34978933086749214,,,107.44024710946397,allow,"no trigger matched: population score below confidence_threshold, not a ring member"
90000056,12695_490.0_150.0_visa_226.0_debit_325.0_87.0_-309.0,0.34482440329329406,,cold_start,45.155397095379634,allow,"no trigger matched: population score below confidence_threshold, not a ring member"
90000057,12695_490.0_150.0_visa_226.0_debit_325.0_87.0_-309.0,0.3445120913972055,,,76.62831592378252,allow,"no trigger matched: population score below confidence_threshold, not a ring member"
90000068,12695_490.0_150.0_visa_226.0_debit_325.0_87.0_26.0,0.3419524245154544,,cold_start,251.27706306145302,allow,"no trigger matched: population score below confidence_threshold, not a ring member"
90000069,12695_490.0_150.0_visa_226.0_debit_325.0_87.0_26.0,0.3419524245154544,,,275.16767777401463,allow,"no trigger matched: population score below confidence_threshold, not a ring member"
90000070,12695_490.0_150.0_visa_226.0_debit_325.0_87.0_26.0,0.3428083173341846,,,285.5013903663711,allow,"no trigger matched: population score below confidence_threshold, not a ring member"
90000091,12839_321.0_150.0_visa_226.0_debit_264.0_87.0_57.0,0.39848266659052134,,cold_start,19.84252652853331,allow,"no trigger matched: population score below confidence_threshold, not a ring member"
90000092,12839_321.0_150.0_visa_226.0_debit_264.0_87.0_58.0,0.4138916658310885,,cold_start,32.42730442879255,allow,"no trigger matched: population score below confidence_threshold, not a ring member"
90000093,12839_321.0_150.0_visa_226.0_debit_264.0_87.0_58.0,0.4052653500030672,,,18.747513499663118,allow,"no trigger matched: population score below confidence_threshold, not a ring member"
90000008,13832_375.0_185.0_mastercard_224.0_debit_391.0_60.0_54.0,0.47231893114527596,ring_0,cold_start,104.3438544443874,decline,ring membership; exposure within autonomous-action threshold
90000009,13832_375.0_185.0_mastercard_224.0_debit_391.0_60.0_54.0,0.4733899708773386,ring_0,,128.84806431860176,review,"ring membership; exposure exceeds autonomous-action threshold, routed to human"
90000119,15063_514.0_150.0_visa_226.0_credit_512.0_87.0_59.0,0.39936226176137507,,cold_start,115.9649254165678,allow,"no trigger matched: population score below confidence_threshold, not a ring member"
90000120,15063_514.0_150.0_visa_226.0_credit_512.0_87.0_59.0,0.4011550909824783,,,167.4836192078598,allow,"no trigger matched: population score below confidence_threshold, not a ring member"
90000121,15063_514.0_150.0_visa_226.0_credit_512.0_87.0_59.0,0.40114424434012474,,,157.3004948298812,allow,"no trigger matched: population score below confidence_threshold, not a ring member"
90000011,15308_321.0_150.0_visa_226.0_debit_272.0_87.0_35.0,0.33690279390511724,ring_0,cold_start,68.13630599902224,decline,ring membership; exposure within autonomous-action threshold
90000012,15308_321.0_150.0_visa_226.0_debit_272.0_87.0_35.0,0.3359773105055648,ring_0,,75.66271006357958,decline,ring membership; exposure within autonomous-action threshold
90000045,15484_418.0_150.0_visa_226.0_debit_110.0_87.0_9.0,0.3918264667051746,,cold_start,50.63537650717739,allow,"no trigger matched: population score below confidence_threshold, not a ring member"
90000046,15484_418.0_150.0_visa_226.0_debit_110.0_87.0_9.0,0.39654415894033374,,,53.78687456065734,allow,"no trigger matched: population score below confidence_threshold, not a ring member"
90000118,15484_418.0_150.0_visa_226.0_debit_433.0_87.0_59.0,0.3501027758287332,,cold_start,176.07509273185224,allow,"no trigger matched: population score below confidence_threshold, not a ring member"
90000102,16075_514.0_150.0_mastercard_102.0_credit_251.0_87.0_58.0,0.4569151891659304,,cold_start,2606.8918669309705,allow,"no trigger matched: population score below confidence_threshold, not a ring member"
90000028,16132_111.0_150.0_visa_226.0_debit_299.0_87.0_-75.0,0.3789527019895111,,cold_start,434.2537255517346,allow,"no trigger matched: population score below confidence_threshold, not a ring member"
90000029,16132_111.0_150.0_visa_226.0_debit_299.0_87.0_-75.0,0.3735712410290762,,,390.2472184652342,allow,"no trigger matched: population score below confidence_threshold, not a ring member"
90000030,16132_111.0_150.0_visa_226.0_debit_299.0_87.0_-75.0,0.3799126067253725,,amount_deviation,649.3736630817108,allow,"no trigger matched: population score below confidence_threshold, not a ring member"
90000078,16560_476.0_150.0_visa_126.0_debit_420.0_87.0_-123.0,0.3866519633956557,,cold_start,38.585900424463865,allow,"no trigger matched: population score below confidence_threshold, not a ring member"
90000003,1676_555.0_150.0_visa_226.0_debit_184.0_87.0_53.0,0.35595664218156564,ring_0,cold_start,35.799364265960854,decline,ring membership; exposure within autonomous-action threshold
90000004,1676_555.0_150.0_visa_226.0_debit_184.0_87.0_53.0,0.35822767843940173,ring_0,,24.044070158784887,decline,ring membership; exposure within autonomous-action threshold
90000005,1676_555.0_150.0_visa_226.0_debit_184.0_87.0_54.0,0.36554587654809134,ring_0,cold_start,30.028666866720684,decline,ring membership; exposure within autonomous-action threshold
90000079,16923_102.0_150.0_mastercard_117.0_debit_204.0_87.0_57.0,0.39558206825972053,,cold_start,169.41818798948267,allow,"no trigger matched: population score below confidence_threshold, not a ring member"
90000080,16923_102.0_150.0_mastercard_117.0_debit_204.0_87.0_57.0,0.3965986179465464,,,224.19086966165455,allow,"no trigger matched: population score below confidence_threshold, not a ring member"
90000072,17131_111.0_150.0_mastercard_224.0_debit_264.0_87.0_-409.0,0.3716093878221737,,cold_start,30.838409513370713,allow,"no trigger matched: population score below confidence_threshold, not a ring member"
90000000,17131_111.0_150.0_mastercard_224.0_debit_264.0_87.0_53.0,0.3578741518659862,ring_0,cold_start,104.95448360659167,decline,ring membership; exposure within autonomous-action threshold
90000066,1724_583.0_150.0_visa_226.0_credit_315.0_87.0_56.0,0.3922700869149366,,cold_start,121.39685704554253,allow,"no trigger matched: population score below confidence_threshold, not a ring member"
90000067,1724_583.0_150.0_visa_226.0_credit_315.0_87.0_56.0,0.3903104121005242,,,115.51117179011261,allow,"no trigger matched: population score below confidence_threshold, not a ring member"
90000106,17598_268.0_150.0_visa_166.0_debit_191.0_87.0_58.0,0.3628412268673692,,cold_start,108.13077256693444,allow,"no trigger matched: population score below confidence_threshold, not a ring member"
90000107,17598_268.0_150.0_visa_166.0_debit_191.0_87.0_58.0,0.36497016064158655,,,88.53156009791837,allow,"no trigger matched: population score below confidence_threshold, not a ring member"
90000096,1893_514.0_150.0_mastercard_224.0_credit_299.0_87.0_58.0,0.3874195762716292,,cold_start,287.4131579714574,allow,"no trigger matched: population score below confidence_threshold, not a ring member"
90000097,1893_514.0_150.0_mastercard_224.0_credit_299.0_87.0_58.0,0.38411011166989034,,,197.64845885180006,allow,"no trigger matched: population score below confidence_threshold, not a ring member"
90000098,1893_514.0_150.0_mastercard_224.0_credit_299.0_87.0_58.0,0.38346893711198854,,,192.90886628096695,allow,"no trigger matched: population score below confidence_threshold, not a ring member"
90000074,2884_490.0_150.0_visa_226.0_debit_299.0_87.0_57.0,0.3833460827430306,,cold_start,830.4909404689288,allow,"no trigger matched: population score below confidence_threshold, not a ring member"
90000050,3574_232.0_150.0_visa_166.0_debit_441.0_87.0_54.0,0.374454880682228,,cold_start,28.33666380637414,allow,"no trigger matched: population score below confidence_threshold, not a ring member"
90000051,3574_232.0_150.0_visa_166.0_debit_441.0_87.0_54.0,0.37345357002960944,,,29.018179086798522,allow,"no trigger matched: population score below confidence_threshold, not a ring member"
90000052,3574_232.0_150.0_visa_166.0_debit_441.0_87.0_54.0,0.37191783572586395,,amount_deviation,22.950230587209127,allow,"no trigger matched: population score below confidence_threshold, not a ring member"
90000112,3666_555.0_150.0_visa_226.0_debit_170.0_87.0_-263.0,0.4383003619468848,,cold_start,38.0936868131046,allow,"no trigger matched: population score below confidence_threshold, not a ring member"
90000113,3666_555.0_150.0_visa_226.0_debit_170.0_87.0_-263.0,0.4383003619468848,,,44.02930322086411,allow,"no trigger matched: population score below confidence_threshold, not a ring member"
90000111,3666_555.0_150.0_visa_226.0_debit_170.0_87.0_-264.0,0.423403647452065,,cold_start,28.47134270959034,allow,"no trigger matched: population score below confidence_threshold, not a ring member"
90000090,3821_111.0_150.0_mastercard_219.0_credit_264.0_87.0_57.0,0.40062261337028027,,cold_start,814.3917578094453,allow,"no trigger matched: population score below confidence_threshold, not a ring member"
90000071,3821_111.0_150.0_mastercard_219.0_credit_472.0_87.0_-103.0,0.39840738970579614,,cold_start,214.58348373433466,allow,"no trigger matched: population score below confidence_threshold, not a ring member"
90000020,4515_369.0_150.0_mastercard_224.0_debit_181.0_87.0_-168.0,0.394293714497672,,cold_start,27.967406870086126,allow,"no trigger matched: population score below confidence_threshold, not a ring member"
90000021,4515_369.0_150.0_mastercard_224.0_debit_181.0_87.0_-168.0,0.3940647208884503,,,35.42595525869339,allow,"no trigger matched: population score below confidence_threshold, not a ring member"
90000022,4515_369.0_150.0_mastercard_224.0_debit_181.0_87.0_-168.0,0.3940647208884503,,,39.61288786530176,allow,"no trigger matched: population score below confidence_threshold, not a ring member"
90000017,4685_450.0_150.0_visa_226.0_debit_330.0_87.0_54.0,0.34212578370422203,,cold_start,138.2306053697638,allow,"no trigger matched: population score below confidence_threshold, not a ring member"
90000018,4685_450.0_150.0_visa_226.0_debit_330.0_87.0_54.0,0.3414881903318131,,,96.66870844660811,allow,"no trigger matched: population score below confidence_threshold, not a ring member"
90000019,4685_450.0_150.0_visa_226.0_debit_330.0_87.0_54.0,0.34131028105539235,,,105.97812989633408,allow,"no trigger matched: population score below confidence_threshold, not a ring member"
90000108,4738_343.0_150.0_visa_226.0_credit_123.0_87.0_31.0,0.4056584957441037,,cold_start,85.74763095537187,allow,"no trigger matched: population score below confidence_threshold, not a ring member"
90000109,4738_343.0_150.0_visa_226.0_credit_123.0_87.0_31.0,0.4056584957441037,,,84.45823450034109,allow,"no trigger matched: population score below confidence_threshold, not a ring member"
90000110,4738_343.0_150.0_visa_226.0_credit_123.0_87.0_31.0,0.41105552779566595,,amount_deviation,77.36547594468915,allow,"no trigger matched: population score below confidence_threshold, not a ring member"
90000040,5097_555.0_150.0_visa_162.0_credit_384.0_87.0_55.0,0.40980341698688016,,cold_start,124.31262055375763,allow,"no trigger matched: population score below confidence_threshold, not a ring member"
90000041,5097_555.0_150.0_visa_162.0_credit_384.0_87.0_55.0,0.41028727605023535,,,141.76757793521725,allow,"no trigger matched: population score below confidence_threshold, not a ring member"
90000063,6019_583.0_150.0_visa_226.0_credit_184.0_87.0_56.0,0.37998078654679485,,cold_start,62.078071896315244,allow,"no trigger matched: population score below confidence_threshold, not a ring member"
90000023,6481_111.0_150.0_visa_226.0_debit_337.0_87.0_-80.0,0.42268262578144605,,cold_start,23.992138352694052,allow,"no trigger matched: population score below confidence_threshold, not a ring member"
90000024,6481_111.0_150.0_visa_226.0_debit_337.0_87.0_-80.0,0.424007496885426,,,22.403181224026987,allow,"no trigger matched: population score below confidence_threshold, not a ring member"
90000025,6481_111.0_150.0_visa_226.0_debit_337.0_87.0_-80.0,0.424007496885426,,,23.987117616742417,allow,"no trigger matched: population score below confidence_threshold, not a ring member"
90000010,6530_206.0_150.0_mastercard_166.0_debit_204.0_87.0_54.0,0.3745731498001396,ring_0,cold_start,174.6406617313904,review,"ring membership; exposure exceeds autonomous-action threshold, routed to human"
90000094,6951_111.0_150.0_visa_226.0_debit_441.0_87.0_-424.0,0.37182712959544373,,cold_start,84.87491006920662,allow,"no trigger matched: population score below confidence_threshold, not a ring member"
90000031,7063_170.0_150.0_mastercard_102.0_credit_299.0_87.0_55.0,0.415993423953571,,cold_start,99.3942816050584,allow,"no trigger matched: population score below confidence_threshold, not a ring member"
90000032,7063_170.0_150.0_mastercard_102.0_credit_299.0_87.0_55.0,0.4158576292239987,,,86.31842768108585,allow,"no trigger matched: population score below confidence_threshold, not a ring member"
90000033,7508_321.0_150.0_visa_226.0_debit_110.0_87.0_32.0,0.34955484323332753,,cold_start,29.497336623726248,allow,"no trigger matched: population score below confidence_threshold, not a ring member"
90000034,7508_321.0_150.0_visa_226.0_debit_110.0_87.0_32.0,0.3487565629261116,,,28.92686000029521,allow,"no trigger matched: population score below confidence_threshold, not a ring member"
90000095,7585_553.0_150.0_visa_226.0_credit_299.0_87.0_58.0,0.3783378912899801,,cold_start,236.99017664771623,allow,"no trigger matched: population score below confidence_threshold, not a ring member"
90000035,7585_553.0_150.0_visa_226.0_credit_325.0_87.0_55.0,0.3735585051464922,,cold_start,540.4519214499969,allow,"no trigger matched: population score below confidence_threshold, not a ring member"
90000036,7585_553.0_150.0_visa_226.0_credit_325.0_87.0_55.0,0.3721172268602407,,,637.438032954144,allow,"no trigger matched: population score below confidence_threshold, not a ring member"
90000037,7585_553.0_150.0_visa_226.0_credit_325.0_87.0_55.0,0.37044905057572214,,,594.446237290275,allow,"no trigger matched: population score below confidence_threshold, not a ring member"
90000049,7919_194.0_150.0_mastercard_202.0_debit_325.0_87.0_56.0,0.3639425645355483,,cold_start,45.241722987923104,allow,"no trigger matched: population score below confidence_threshold, not a ring member"
90000076,7919_194.0_150.0_mastercard_202.0_debit_387.0_87.0_57.0,0.3652773452515028,,cold_start,43.54444427646727,allow,"no trigger matched: population score below confidence_threshold, not a ring member"
90000077,7919_194.0_150.0_mastercard_202.0_debit_387.0_87.0_57.0,0.3652598832104976,,,34.2210673695244,allow,"no trigger matched: population score below confidence_threshold, not a ring member"
90000026,8691_599.0_150.0_visa_166.0_debit_387.0_87.0_54.0,0.38031695638550556,,cold_start,24.198038361499815,allow,"no trigger matched: population score below confidence_threshold, not a ring member"
90000027,8691_599.0_150.0_visa_166.0_debit_387.0_87.0_54.0,0.38018831952117776,,,22.6542685781939,allow,"no trigger matched: population score below confidence_threshold, not a ring member"
90000115,8953_321.0_150.0_visa_226.0_debit_441.0_87.0_59.0,0.3823071702550876,,cold_start,64.15479278182903,allow,"no trigger matched: population score below confidence_threshold, not a ring member"
90000116,8953_321.0_150.0_visa_226.0_debit_441.0_87.0_59.0,0.38009923399861045,,,39.31692507653752,allow,"no trigger matched: population score below confidence_threshold, not a ring member"
90000117,8953_321.0_150.0_visa_226.0_debit_441.0_87.0_59.0,0.3779764175228148,,,35.41808863124604,allow,"no trigger matched: population score below confidence_threshold, not a ring member"
90000086,9002_453.0_150.0_visa_226.0_debit_264.0_87.0_57.0,0.3355607928604662,,cold_start,174.51520129764427,allow,"no trigger matched: population score below confidence_threshold, not a ring member"
90000087,9002_453.0_150.0_visa_226.0_debit_264.0_87.0_57.0,0.33302902205599555,,,110.56507292928246,allow,"no trigger matched: population score below confidence_threshold, not a ring member"
90000013,9364_225.0_150.0_mastercard_166.0_debit_269.0_87.0_-376.0,0.557122018545116,,cold_start,55.959093210812135,allow,"no trigger matched: population score below confidence_threshold, not a ring member"
90000014,9364_225.0_150.0_mastercard_166.0_debit_269.0_87.0_-376.0,0.5579510129879967,,,39.164755624901105,allow,"no trigger matched: population score below confidence_threshold, not a ring member"
90000073,9803_583.0_150.0_visa_226.0_credit_184.0_87.0_56.0,0.4256643953365845,,cold_start,236.01435399588843,allow,"no trigger matched: population score below confidence_threshold, not a ring member"
90000075,9992_455.0_150.0_mastercard_166.0_debit_123.0_87.0_26.0,0.37092232972644273,,cold_start,61.49853148027784,allow,"no trigger matched: population score below confidence_threshold, not a ring member"
90000001,unmatched_90000001,0.4558981771579636,ring_0,cold_start,15.127759976634172,decline,ring membership; exposure within autonomous-action threshold
90000002,unmatched_90000002,0.45943950125585126,ring_0,cold_start,10.232505684517008,decline,ring membership; exposure within autonomous-action threshold
90000006,unmatched_90000006,0.45795337003173797,ring_0,cold_start,124.48800682687094,decline,ring membership; exposure within autonomous-action threshold
90000007,unmatched_90000007,0.45572839138503596,ring_0,cold_start,118.30334209476318,decline,ring membership; exposure within autonomous-action threshold
90000015,unmatched_90000015,0.340824876037185,,cold_start,78.40216991003881,allow,"no trigger matched: population score below confidence_threshold, not a ring member"
90000016,unmatched_90000016,0.34097977183658124,,cold_start,119.80608070151379,allow,"no trigger matched: population score below confidence_threshold, not a ring member"
90000053,unmatched_90000053,0.45081498270184345,,cold_start,68.05693482290759,allow,"no trigger matched: population score below confidence_threshold, not a ring member"
90000054,unmatched_90000054,0.45034087203028966,,cold_start,61.953326230608596,allow,"no trigger matched: population score below confidence_threshold, not a ring member"
90000055,unmatched_90000055,0.45099422980253345,,cold_start,75.82658669487498,allow,"no trigger matched: population score below confidence_threshold, not a ring member"
90000088,unmatched_90000088,0.4906552163068764,,cold_start,23.99878687242791,allow,"no trigger matched: population score below confidence_threshold, not a ring member"
90000089,unmatched_90000089,0.4932462524252855,,cold_start,27.248038578066296,allow,"no trigger matched: population score below confidence_threshold, not a ring member"
90000099,unmatched_90000099,0.4359331412481746,,cold_start,49.222276525714015,allow,"no trigger matched: population score below confidence_threshold, not a ring member"
90000100,unmatched_90000100,0.4332906268071229,,cold_start,44.796616259288086,allow,"no trigger matched: population score below confidence_threshold, not a ring member"
90000101,unmatched_90000101,0.4351383520069823,,cold_start,79.82799563028772,allow,"no trigger matched: population score below confidence_threshold, not a ring member"
